name,description_doc,datasheet_doc,keywords_doc,reference,value,footprint
171050601,"MagI3C Power Module, Variable Step Down Regulator Module, 6 to 36V Input Voltage, 0.8 to 6V, 5A Output, TO-263",https://katalog.we-online.de/pm/datasheet/171050601.pdf,power module regulator,U,171050601,Package_TO_SOT_SMD:TO-263-7_TabPin8
A4403GEU,"Valley current mode buck converter, 46V, 3A, up to 2MHz, QFN-16",https://www.allegromicro.com/~/media/Files/Datasheets/A4403-Datasheet.ashx,buck regulator adjustable,U,A4403GEU,Package_DFN_QFN:QFN-16-1EP_4x4mm_P0.65mm_EP2.7x2.7mm
AAT1217ICA-1.2,"600mA, 2.5-5.5V, 1.2MHz, Micropower Synchronous Step-Up Converter, TSOT-23-6",http://www.skyworksinc.com/uploads/documents/AAT1217_202050B.pdf,regulator step-up adjustable,U,AAT1217ICA-1.2,Package_TO_SOT_SMD:TSOT-23-6
AAT1217IGU-3.3,"600mA, 3.3V, 1.2MHz, Micropower Synchronous Step-Up Converter, SOT-23-6",http://www.skyworksinc.com/uploads/documents/AAT1217_202050B.pdf,regulator step-up,U,AAT1217IGU-3.3,Package_TO_SOT_SMD:SOT-23-6
ADP2108AUJ-1.0,"3MHz switching bucK regulator, 600mA 1.0V output voltage,",https://www.analog.com/media/en/technical-documentation/data-sheets/ADP2108.pdf,Voltage regulator switching buck fixed output analog,U,ADP2108AUJ-1.0,Package_TO_SOT_SMD:TSOT-23-5
ADP2302ARDZ,Nonsynchronous Step-Down Regulator 2 Amp Vout Adjustable SOIC-8,https://www.analog.com/media/en/technical-documentation/data-sheets/ADP2302_2303.pdf,Step-Down Regulator,U,ADP2302ARDZ,Package_SO:SOIC-8-1EP_3.9x4.9mm_P1.27mm_EP2.29x3mm
ADP5054,"250kHz to 2MHz, 6A/6A/2A/2A Quad Buck Regulator, -40 to +125C, QFN-48",https://www.analog.com/media/en/technical-documentation/data-sheets/ADP5054.pdf,quad regulator dcdc buck synchronizable parallel,U,ADP5054,Package_DFN_QFN:QFN-48-1EP_7x7mm_P0.5mm_EP5.15x5.15mm
ADP5070AREZ,1A/0.6A DC-to-DC Switching Regulator with Independent Positive and Negative Outputs,https://www.analog.com/media/en/technical-documentation/data-sheets/ADP5070.pdf,voltage regulator switching inverter double positive negative,U,ADP5070AREZ,Package_SO:ETSSOP-20-1EP_4.4x6.5mm_P0.65mm_EP3x4.2mm
ADuM6000,Isolated 5 kV DC-to-DC Converter,https://www.analog.com/media/en/technical-documentation/data-sheets/ADuM6000.PDF,Isolated DC-to-DC Converter 5kV,U,ADuM6000,
AOZ1280CI,"1.2 A Simple Buck Regulator, 3-26V input, 1.5Mhz",http://aosmd.com/res/data_sheets/AOZ1280CI.pdf,switching buck converter,U,AOZ1280CI,Package_TO_SOT_SMD:SOT-23-6
AP6502,340kHz 18V 2A Synchronois DC/DC Buck Converter,https://www.diodes.com/assets/Datasheets/AP6502.pdf,buck switching converter,U,AP6502,
AP65111AWU,"1.5A, 500kHz Buck DC/DC Converter, adjustable output voltage, TSOT-23-6",https://www.diodes.com/assets/Datasheets/AP65111A.pdf,1.5A 500kHz PWM Buck DC/DC,U,AP65111AWU,Package_TO_SOT_SMD:TSOT-23-6
APE1707H-33-HF,"2A, 150KHz PWM Buck DC/DC Converter, fixed 3.3V output voltage, TO-252-5 (D-PAK)",http://pdf.datasheet.live/datasheets-1/advanced_power_electronics/APE1707H-12-HF.pdf,3.3V 2A 150KHz PWM Buck DC/DC,U,APE1707H-33-HF,Package_TO_SOT_SMD:TO-252-5_TabPin3
APE1707M-33-HF,"2A, 150KHz PWM Buck DC/DC Converter, fixed 3.3V output voltage, SO-8",http://files.remont-aud.net/baza/dc_dc/data/APE1707.pdf,3.3V 2A 150KHz PWM Buck DC/DC,U,APE1707M-33-HF,Package_SO:SOIC-8_3.9x4.9mm_P1.27mm
APE1707S-33-HF,"2A, 150KHz PWM Buck DC/DC Converter, fixed 3.3V output voltage, TO-263-5 (DD-PAK)",http://pdf.datasheet.live/datasheets-1/advanced_power_electronics/APE1707S-12-HF.pdf,3.3V 2A 150KHz PWM Buck DC/DC,U,APE1707S-33-HF,Package_TO_SOT_SMD:TO-263-5_TabPin3
BD9001F,"48V 2A, Flexible Step-Down Switching Regulator, SO-8",http://rohmfs.rohm.com/en/products/databook/datasheet/ic/power/switching_regulator/bd9778f-e.pdf,DC-DC Step-Down Switching Regulator,U,BD9001F,Package_SO:SOIC-8_3.9x4.9mm_P1.27mm
BD9778F,"35V 2A, Flexible Step-Down Switching Regulator, SO-8",http://rohmfs.rohm.com/en/products/databook/datasheet/ic/power/switching_regulator/bd9778f-e.pdf,DC-DC Step-Down Switching Regulator,U,BD9778F,Package_SO:SOIC-8_3.9x4.9mm_P1.27mm
BD9778HFP,"35V 2A, Flexible Step-Down Switching Regulator, HRP7",http://rohmfs.rohm.com/en/products/databook/datasheet/ic/power/switching_regulator/bd9778f-e.pdf,DC-DC Step-Down Switching Regulator,U,BD9778HFP,Package_TO_SOT_SMD:Rohm_HRP7
BD9781HFP,"35V 4A, Flexible Step-Down Switching Regulator, HRP7",http://rohmfs.rohm.com/en/products/databook/datasheet/ic/power/switching_regulator/bd9778f-e.pdf,DC-DC Step-Down Switching Regulator,U,BD9781HFP,Package_TO_SOT_SMD:Rohm_HRP7
BD9G341EFJ,"12V-76V input voltage range 3A output current, Buck Converter, Integrated FET, HTSOP-8",https://media.digikey.com/pdf/Data%20Sheets/Rohm%20PDFs/BD9G341EFJ.pdf,Buck Converter,U,BD9G341EFJ,Package_SO:HTSOP-8-1EP_3.9x4.9mm_P1.27mm_EP2.4x3.2mm_ThermalVias
CRE1S0505DC,"5V to 5V 200mA DC-DC Converter with 1kV isolation, DC-package",http://power.murata.com/datasheet?/data/power/ncl/kdc_cre1.pdf,Murata isolated isolation dc-dc converter transformer,U,CRE1S0505DC,Converter_DCDC:Converter_DCDC_muRata_CRE1xxxxxxDC_THT
CRE1S0505S3C,"5V to 5V 200mA, Isolated 2W Single-Output DC-DC Converter Modules with 3kV isolation, SIP-4",http://power.murata.com/datasheet?/data/power/ncl/kdc_cre1.pdf,Murata isolated isolation dc-dc converter transformer,U,CRE1S0505S3C,Converter_DCDC:Converter_DCDC_muRata_CRE1xxxxxx3C_THT
CRE1S0505SC,"5V to 5V 200mA DC-DC Converter with 1kV isolation, SIP-4",http://power.murata.com/datasheet?/data/power/ncl/kdc_cre1.pdf,Murata isolated isolation dc-dc converter transformer,U,CRE1S0505SC,Converter_DCDC:Converter_DCDC_muRata_CRE1xxxxxxSC_THT
FSBH0170,"Green Mode Fairchild Power Switch, 700V Vds, 1.0A Id, 15W/13W 230V/85-265V, VIN Pin, DIP-8",https://www.fairchildsemi.com/datasheets/FS/FSBH0370.pdf,smps regulator,U,FSBH0170,Package_DIP:DIP-8_W7.62mm
FSBH0F70A,"Green Mode Fairchild Power Switch, 700V Vds, 0.5A Id, 10W/8W 230V/85-265V, DIP-8",https://www.fairchildsemi.com/datasheets/FS/FSBH0370.pdf,smps regulator,U,FSBH0F70A,Package_DIP:DIP-8_W7.62mm
FSDH321,"17W SMPS Controller, 100kHz, AC-DC, PDIP-8",www.fairchildsemi.com/ds/FS/FSDH321.pdf,SMPS Controller with MOSFET 17W AC-DC,U,FSDH321,Package_DIP:DIP-8_W7.62mm
FSDH321L,"17W SMPS Controller, 100kHz, AC-DC, SMD-8",www.fairchildsemi.com/ds/FS/FSDH321.pdf,SMPS Controller with MOSFET 17W AC-DC,U,FSDH321L,Package_DIP:Fairchild_LSOP-8
FSL136MRT,"67kHz SMPS Controller w/ Soft Start, max. 50W AC-DC, TO-220F-6L",http://www.fairchildsemi.com/ds/FS/FSL136MRT.pdf,SMPS Controller 50W AC-DC,U,FSL136MRT,Package_TO_SOT_THT:Fairchild_TO-220F-6L
FSQ0565RSWDTU,"67kHz Quasi Resonant SMPS Controller w/ Soft Start, max. 80W AC-DC, TO-220F-6L",http://www.onsemi.com/pub/Collateral/FSQ0565RS-D.PDF,Quasi Resonant SMPS Controller 80W AC-DC,U,FSQ0565RSWDTU,Package_TO_SOT_THT:Fairchild_TO-220F-6L
GL2576-3.3SF8DR,"3.3V 3A, 52KHz Step Down Converter, SO-8",http://www.dianyuan.com/bbs/u/54/437861181916300.pdf,3.3V 3A 52KHz Buck DC/DC,U,GL2576-3.3SF8DR,Package_SO:SOIC-8_3.9x4.9mm_P1.27mm
ISL8117FRZ,"Synchronous step-down PWM controller, 4.5v to 60v input, 0.6v to 54v Output Voltage, QFN-16",https://www.intersil.com/content/dam/Intersil/documents/isl8/isl8117.pdf,PWM step down buck converter controller synchronous POL,U,ISL8117FRZ,Package_DFN_QFN:QFN-16-1EP_4x4mm_P0.5mm_EP2.45x2.45mm
ISL8117FVEZ,"Synchronous step-down PWM controller, 4.5v to 60v input, 0.6v to 54v Output Voltage, HTSSOP-16",https://www.intersil.com/content/dam/Intersil/documents/isl8/isl8117.pdf,PWM step down buck converter controller synchronous POL,U,ISL8117FVEZ,Package_SO:HTSSOP-16-1EP_4.4x5mm_P0.65mm_EP3.4x5mm
KA5H02659RN,"100kHz SMPS Controller, AC-DC, PDIP-8",http://www.onsemi.com/pub/Collateral/KA5L0265R-D.PDF,SMPS Controller AC-DC,U,KA5H02659RN,Package_DIP:DIP-8_W7.62mm
KA5H0265RCTU,"100kHz SMPS Controller w/ Soft Start, AC-DC, TO-220F-5L",http://www.onsemi.com/pub/Collateral/KA5L0265R-D.PDF,SMPS Controller AC-DC,U,KA5H0265RCTU,Package_TO_SOT_THT:ONSemi_TO-220-5L
KA5H0265RCYDTU,"KA5H0265RCTU, 100kHz SMPS Controller w/ Soft Start, AC-DC, TO-220F-5L(Forming)",http://www.onsemi.com/pub/Collateral/KA5L0265R-D.PDF,SMPS Controller AC-DC,U,KA5H0265RCYDTU,Package_TO_SOT_THT:ONSemi_TO-220-5L_Forming
KA5M0265RTU,"67kHz SMPS Controller, AC-DC, TO-220F-4L",http://www.onsemi.com/pub/Collateral/KA5L0265R-D.PDF,SMPS Controller AC-DC,U,KA5M0265RTU,Package_TO_SOT_THT:TO-220-4_Vertical
KA5M0265RYDTU,"67kHz SMPS Controller, AC-DC, TO-220F-4L(Forming)",http://www.onsemi.com/pub/Collateral/KA5L0265R-D.PDF,SMPS Controller AC-DC,U,KA5M0265RYDTU,Package_TO_SOT_THT:ONSemi_TO-220F-4L_Forming
L5973D,"2.5A step down switching regulator, HSOP-8",http://www.st.com/resource/en/datasheet/l5973d.pdf,step down buck regulator,U,L5973D,Package_SO:HSOP-8-1EP_3.9x4.9mm_P1.27mm_EP2.41x3.1mm_ThermalVias
LD7575,"Green-Mode PWM Controller with High-Voltage Start-Up Circuit, DIP-8/SOIC-8",http://www.leadtrend.com.tw/archive/doc/product/sheets/LD7575-DS-04b.pdf,smps controller,U,LD7575,
LM22676MR-ADJ,"3A Step-Down Switching Voltage Regulater, 4.5-42V Input, Adjustable Output, 500kHz Switching Frequency, SOIC-8",http://www.ti.com/lit/ds/symlink/lm22676.pdf,DC/DC Buck Converter 3A,U,LM22676MR-ADJ,Package_SO:TI_SO-PowerPAD-8
LM25085MM,"42V Constant On-Time PFET Buck Switching Controller, MSOP-8",http://www.ti.com/lit/ds/symlink/lm25085.pdf,buck switching contoller,U,LM25085MM,Package_SO:MSOP-8_3x3mm_P0.65mm
LM25085MY,"42V Constant On-Time PFET Buck Switching Controller, MSOP-8-EP",http://www.ti.com/lit/ds/symlink/lm25085.pdf,buck switching contoller,U,LM25085MY,Package_SO:MSOP-8-1EP_3x3mm_P0.65mm_EP1.73x1.85mm_ThermalVias
LM25085SD,"42V Constant On-Time PFET Buck Switching Controller, WSON-8",http://www.ti.com/lit/ds/symlink/lm25085.pdf,buck switching contoller,U,LM25085SD,Package_SON:WSON-8-1EP_3x3mm_P0.5mm_EP1.6x2.0mm
LM2574HVM-12,"12V, 0.5A Step-Down Voltage Regulator, High Voltage Input, SO-8",http://www.ti.com/lit/ds/symlink/lm2574.pdf,Step-Down Voltage Regulator 12V 500mA HV,U,LM2574HVM-12,Package_SO:SOIC-14W_7.5x9mm_P1.27mm
LM2574HVN-12,"12V, 0.5A Step-Down Voltage Regulator, High Voltage Input, DIP-8",http://www.ti.com/lit/ds/symlink/lm2574.pdf,Step-Down Voltage Regulator 12V 500mA HV,U,LM2574HVN-12,Package_DIP:DIP-8_W7.62mm
LM2576HVS-12,"12V, 3A SIMPLE SWITCHER® Step-Down Voltage Regulator, High Voltage Input, TO-263",http://www.ti.com/lit/ds/symlink/lm2576.pdf,Step-Down Voltage Regulator 12V 3A High Voltage,U,LM2576HVS-12,Package_TO_SOT_SMD:TO-263-5_TabPin3
LM2576HVT-12,"12V, 3A SIMPLE SWITCHER® Step-Down Voltage Regulator, High Voltage Input, TO-220-5",http://www.ti.com/lit/ds/symlink/lm2576.pdf,Step-Down Voltage Regulator 12V 3A High Voltage,U,LM2576HVT-12,Package_TO_SOT_THT:TO-220-5_Vertical
LM2594M-3.3,"3.3V, 0.5A SIMPLE SWITCHER® Step-Down Voltage Regulator, Maximum VIN 45V, SOIC-8",http://www.ti.com/lit/ds/symlink/lm2594.pdf,buck converter regulator step-down voltage simple switcher fixed,U,LM2594M-3.3,Package_SO:SOIC-8_3.9x4.9mm_P1.27mm
LM2594N-3.3,"3.3V, 0.5A SIMPLE SWITCHER® Step-Down Voltage Regulator, Maximum VIN 45V, DIP-8",http://www.ti.com/lit/ds/symlink/lm2594.pdf,buck converter regulator step-down voltage simple switcher fixed,U,LM2594N-3.3,Package_DIP:DIP-8_W7.62mm
LM2595S-12,"12V, 1A Step-Down Voltage Regulator, TO-263-5",http://www.ti.com.cn/cn/lit/ds/symlink/lm2595.pdf,Step-Down Voltage Regulator 12V 1A,U,LM2595S-12,Package_TO_SOT_SMD:TO-263-5_TabPin3
LM2595T-12,"12V, 1A Step-Down Voltage Regulator, TO-220-5",http://www.ti.com.cn/cn/lit/ds/symlink/lm2595.pdf,Step-Down Voltage Regulator 12V 1A,U,LM2595T-12,Package_TO_SOT_THT:TO-220-5_P3.4x3.7mm_StaggerOdd_Lead3.8mm_Vertical
LM2596S-12,"12V 3A Step-Down Voltage Regulator, TO-263",http://www.ti.com/lit/ds/symlink/lm2596.pdf,Step-Down Voltage Regulator 12V 3A,U,LM2596S-12,Package_TO_SOT_SMD:TO-263-5_TabPin3
LM2596T-12,"12V 3A 150kHz Step-Down Voltage Regulator, TO-220",http://www.ti.com/lit/ds/symlink/lm2596.pdf,Step-Down Voltage Regulator 12V 3A,U,LM2596T-12,Package_TO_SOT_THT:TO-220-5_P3.4x3.7mm_StaggerOdd_Lead3.8mm_Vertical
LM26480SQ,"Dual 1.5A 2MHz Buck Regulators and Dual 300mA LDOs, WQFN-24",http://www.ti.com/lit/ds/symlink/lm26480.pdf,Dual Buck Regulator LDO 2MHz 1.5A 300mA,U,LM26480SQ,Package_DFN_QFN:WQFN-24-1EP_4x4mm_P0.5mm_EP2.6x2.6mm
LM2672M-12,"12V, 1A Step-Down Voltage Regulator, SO-8",http://www.ti.com/lit/ds/symlink/lm2672.pdf,Step-Down Voltage Regulator 12V 1A,U,LM2672M-12,Package_SO:SOIC-8_3.9x4.9mm_P1.27mm
LM2672N-12,"12V, 1A Step-Down Voltage Regulator, DIP-8",http://www.ti.com/lit/ds/symlink/lm2672.pdf,Step-Down Voltage Regulator 12V 1A,U,LM2672N-12,Package_DIP:DIP-8_W7.62mm
LM2674M-12,"12V, 500mA Step-Down Voltage Regulator, SO-8",http://www.ti.com/lit/ds/symlink/lm2674.pdf,Step-Down Voltage Regulator 12V 500mA,U,LM2674M-12,Package_SO:SOIC-8_3.9x4.9mm_P1.27mm
LM2674N-12,"12V, 500mA Step-Down Voltage Regulator, DIP-8",http://www.ti.com/lit/ds/symlink/lm2674.pdf,Step-Down Voltage Regulator 12V 500mA,U,LM2674N-12,Package_DIP:DIP-8_W7.62mm
LM2734Y,"1A Step-Down DC-DC Regulator, Adjustable Output Voltage, 550kHz, TSOT-23-5",http://www.ti.com/lit/ds/symlink/lm2734.pdf,Miniature Step-Down Buck Voltage Regulator,U,LM2734Y,Package_TO_SOT_SMD:TSOT-23-6
LM3407MY,"LED Lighting CC Floating Buck Switching Regulator, MSOP-8",http://www.ti.com/lit/ds/symlink/lm3407.pdf,LED Step-Down Switching Regulator,U,LM3407MY,Package_SO:MSOP-8-1EP_3x3mm_P0.65mm_EP1.73x1.85mm_ThermalVias
LM3578,"750mA, Switching Regulator, adjustable output voltage, DIP-8/SOIC-8",http://www.ti.com/lit/ds/symlink/lm3578a.pdf,switching regulator,U,LM3578,
LM5001MA,"1A, High Voltage (75V) Switch-Mode Regulator, Adjustable Output Voltage, SOIC-8",http://www.ti.com/lit/ds/symlink/lm5001.pdf,High-Voltage Switch-mode Regulator Flyback SEPIC Boost,U,LM5001MA,Package_SO:SOIC-8_3.9x4.9mm_P1.27mm
LM5006MM,"600mA, 80V Constant On-Time Buck Switching Regulator, MSOP-10",http://www.ti.com/lit/ds/symlink/lm5006.pdf,Constant On-Time Buck Switching Regulator,U,LM5006MM,Package_SO:MSOP-10_3x3mm_P0.5mm
LM5007MM,"700mA, High Voltage (80V) Step-Down Switching Regulator, Adjustable Output Voltage, MSOP-8",http://www.ti.com/lit/ds/symlink/lm5007.pdf,Step-Down Switching Regulator,U,LM5007MM,Package_SO:MSOP-8_3x3mm_P0.65mm
LM5007SD,"700mA, High Voltage (80V) Step-Down Switching Regulator, Adjustable Output Voltage, WSON-8",http://www.ti.com/lit/ds/symlink/lm5007.pdf,Step-Down Switching Regulator,U,LM5007SD,Package_SON:WSON-8_4x4mm_P0.8mm
LM5017MR,"600mA, 100V Step-Down Switching Regulator, PowerSO-8",http://www.ti.com/lit/ds/symlink/lm5017.pdf,Step-Down Switching Regulator High Voltage,U,LM5017MR,Package_SO:SOIC-8-1EP_3.9x4.9mm_P1.27mm_EP2.95x4.9mm_Mask2.71x3.4mm_ThermalVias
LM5017SD,"600mA, 100V Step-Down Switching Regulator, WSON-8",http://www.ti.com/lit/ds/symlink/lm5017.pdf,Step-Down Switching Regulator High Voltage,U,LM5017SD,Package_SON:WSON-8_4x4mm_P0.8mm
LM5022MM,"60-V Low-Side Controller for Boost and SEPIC, MSOP-10",http://www.ti.com/lit/ds/symlink/lm5022.pdf,boost switching controller,U,LM5022MM,Package_SO:MSOP-10_3x3mm_P0.5mm
LM5088-1,"Wide Input Range Non-Synchronous Buck Controller, Frequency Dithering, 75V, HTSSOP-16",http://www.ti.com/lit/ds/symlink/lm5088.pdf,step down buck high voltage,U,LM5088-1,Package_SO:HTSSOP-16-1EP_4.4x5mm_P0.65mm_EP3.4x5mm_Mask3x3mm_ThermalVias
LM5088-2,"Wide Input Range Non-Synchronous Buck Controller, Hiccup Mode Restart, 75V, HTSSOP-16",http://www.ti.com/lit/ds/symlink/lm5088.pdf,step down buck high voltage,U,LM5088-2,Package_SO:HTSSOP-16-1EP_4.4x5mm_P0.65mm_EP3.4x5mm_Mask3x3mm_ThermalVias
LM5165,"150mA Synchronous Buck Converter With Ultra-Low IQ, 3V-65V input, adjustable output voltage, DFN-10",http://www.ti.com/lit/ds/symlink/lm5165.pdf,step-down dc-dc buck regulator adjustable,U,LM5165,Package_SON:Texas_S-PVSON-N10_ThermalVias
LM5165X,"150mA Synchronous Buck Converter With Ultra-Low IQ, 3V-65V input, 5.0V fixed output voltage, DFN-10",http://www.ti.com/lit/ds/symlink/lm5165.pdf,step-down dc-dc buck regulator fixed 5V,U,LM5165X,Package_SON:Texas_S-PVSON-N10_ThermalVias
LM5175PWP,"42-V wide Vin synchronous 4-switch Buck-Boost controller, HTSSOP-28 package",http://www.ti.com/lit/ds/symlink/lm5175.pdf,Buck Boost step-up step-down,U,LM5175PWP,Package_SO:HTSSOP-28-1EP_4.4x9.7mm_P0.65mm_EP3.4x9.5mm_ThermalVias
LM5175RHF,"42-V wide Vin synchronous 4-switch Buck-Boost controller, QFN-28 package",http://www.ti.com/lit/ds/symlink/lm5175.pdf,Buck Boost step-up step-down,U,LM5175RHF,Package_DFN_QFN:VQFN-28-1EP_4x5mm_P0.5mm_EP2.55x3.55mm
LMR10510XMF,"1A, 5.5V Step-Down Voltage Regulator, 1.6MHz Frequency, SOT-23-5",http://www.ti.com/lit/ds/symlink/lmr10510.pdf,Miniature Step-Down Buck Voltage Regulator,U,LMR10510XMF,Package_TO_SOT_SMD:SOT-23-5
LMR10510YSD,"1A, 5.5V Step-Down Voltage Regulator, 3MHz Frequency, WSON-6",http://www.ti.com/lit/ds/symlink/lmr10510.pdf,Miniature Step-Down Buck Voltage Regulator,U,LMR10510YSD,Package_SON:WSON-6-1EP_3x3mm_P0.95mm
LMR16006YQ,"Simple Switcher Buck Regulator, Vin=4-40V, Iout=600mA, Adjustable output voltage, SOT-23-6 package",http://www.ti.com/lit/ds/symlink/lmr16006y-q1.pdf,simple-switcher buck step-down voltage-regulator,U,LMR16006YQ,Package_TO_SOT_SMD:SOT-23-6
LMR62421XSD,"2.1A, 24Vout Step-Up Voltage Regulator, 1.6MHz Frequency, WSON-6",http://www.ti.com/lit/ds/symlink/lmr62421.pdf,Miniature Step-Up Boost SEPIC Voltage Regulator,U,LMR62421XSD,Package_SON:WSON-6-1EP_3x3mm_P0.95mm
LMZ13608,"8A Adjustable Step-Down DC/DC Power Module in 15x15mm, Texas NDY0011A",http://www.ti.com/lit/ds/snvs710i/snvs710i.pdf,Step-Down DC/DC Module,U,LMZ13608,Package_TO_SOT_SMD:Texas_NDY0011A
LMZM23601,"1A Adjustable Step-Down DC/DC Power Module in 3.8x3mm, MicroSIP-10",http://www.ti.com/lit/ds/symlink/lmzm23601.pdf,Step-Down DC/DC Module,U,LMZM23601,Package_LGA:Texas_SIL0010A_MicroSiP-10-1EP_3.8x3mm_P0.6mm_EP0.7x2.9mm_ThermalVias
LNK302D,"LinkSwitch-TN Family, 80mA Output Current, SO-8C",http://www.powerint.com/sites/default/files/product-docs/lnk302_304-306.pdf,"Lowest Component Count, Energy-Efficient Off-Line Switcher IC",U,LNK302D,Package_SO:PowerIntegrations_SO-8B
LNK302G,"LinkSwitch-TN Family, 80mA Output Current, SMD-8B",http://www.powerint.com/sites/default/files/product-docs/lnk302_304-306.pdf,"Lowest Component Count, Energy-Efficient Off-Line Switcher IC",U,LNK302G,Package_DIP:PowerIntegrations_SMD-8B
LNK302P,"LinkSwitch-TN Family, 80mA Output Current, DIP-8B",http://www.powerint.com/sites/default/files/product-docs/lnk302_304-306.pdf,"Lowest Component Count, Energy-Efficient Off-Line Switcher IC",U,LNK302P,Package_DIP:PowerIntegrations_PDIP-8B
LNK362D,"LinkSwitch-XT Family, 2.6W Output Power, SO-8C",http://www.powerint.com/sites/default/files/product-docs/lnk362-364.pdf,"Energy Effi cient, Low Power Off-Line Switcher IC",U,LNK362D,Package_SO:PowerIntegrations_SO-8C
LNK362G,"LinkSwitch-XT Family, 2.6W Output Power, SMD-8B",http://www.powerint.com/sites/default/files/product-docs/lnk362-364.pdf,"Energy Effi cient, Low Power Off-Line Switcher IC",U,LNK362G,Package_DIP:PowerIntegrations_SMD-8B
LNK362P,"LinkSwitch-XT Family, 2.6W Output Power, DIP-8B",http://www.powerint.com/sites/default/files/product-docs/lnk362-364.pdf,"Energy Effi cient, Low Power Off-Line Switcher IC",U,LNK362P,Package_DIP:PowerIntegrations_PDIP-8B
LNK403EG,"LinkSwitch-PH Family, 12W Output Power, eSIP-7C",http://www.powerint.com/sites/default/files/product-docs/linkswitch-ph_family_datasheet.pdf,"LED Driver IC with TRIAC Dimming, Single-Stage PFC and Primary-Side Constant Current Control",U,LNK403EG,Package_SIP:PowerIntegrations_eSIP-7C
LNK403LG,"LinkSwitch-PH Family, 12W Output Power, eSIP-7F",http://www.powerint.com/sites/default/files/product-docs/linkswitch-ph_family_datasheet.pdf,"LED Driver IC with TRIAC Dimming, Single-Stage PFC and Primary-Side Constant Current Control",U,LNK403LG,Package_SIP:PowerIntegrations_eSIP-7F
LNK454D,"LinkSwitch-PL Family, 3W Output Power, SO-8C",http://www.powerint.com/sites/default/files/product-docs/linkswitch-pl_family_datasheet.pdf,"LED Driver IC with TRIAC Dimming, Single-Stage PFC and Constant Current Control for Non-Isolated Applications",U,LNK454D,Package_SO:PowerIntegrations_SO-8C
LNK457K,"LinkSwitch-PL Family, 8W Output Power, eSOP-12B",http://www.powerint.com/sites/default/files/product-docs/linkswitch-pl_family_datasheet.pdf,"LED Driver IC with TRIAC Dimming, Single-Stage PFC and Constant Current Control for Non-Isolated Applications",U,LNK457K,Package_SO:PowerIntegrations_eSOP-12B
LNK457V,"LinkSwitch-PL Family, 8W Output Power, eDIP-12B",http://www.powerint.com/sites/default/files/product-docs/linkswitch-pl_family_datasheet.pdf,"LED Driver IC with TRIAC Dimming, Single-Stage PFC and Constant Current Control for Non-Isolated Applications",U,LNK457V,Package_DIP:PowerIntegrations_eDIP-12B
LNK562D,"LinkSwitch-LP Family, 1.9W Output Power, SO-8C",http://www.powerint.com/sites/default/files/product-docs/linklp_family_datasheet.pdf,Energy Efficient Off-Line Switcher IC for Linear Transformer Replacement,U,LNK562D,Package_SO:PowerIntegrations_SO-8C
LNK562G,"LinkSwitch-LP Family, 1.9W Output Power, SMD-8B",http://www.powerint.com/sites/default/files/product-docs/linklp_family_datasheet.pdf,Energy Efficient Off-Line Switcher IC for Linear Transformer Replacement,U,LNK562G,Package_DIP:PowerIntegrations_SMD-8B
LNK562P,"LinkSwitch-LP Family, 1.9W Output Power, DIP-8B",http://www.powerint.com/sites/default/files/product-docs/linklp_family_datasheet.pdf,Energy Efficient Off-Line Switcher IC for Linear Transformer Replacement,U,LNK562P,Package_DIP:PowerIntegrations_PDIP-8B
LNK603DG,"LinkSwitch-II Family, 3.3W Output Power, SO-8C",http://www.powerint.com/sites/default/files/product-docs/linkswitch-ii_family_datasheet.pdf,"Energy-Efficient, Accurate CV/CC Switcher for Adapters and Chargers",U,LNK603DG,Package_SO:PowerIntegrations_SO-8C
LNK603PG,"LinkSwitch-II Family, 3.3W Output Power, DIP-8C",http://www.powerint.com/sites/default/files/product-docs/linkswitch-ii_family_datasheet.pdf,"Energy-Efficient, Accurate CV/CC Switcher for Adapters and Chargers",U,LNK603PG,Package_DIP:PowerIntegrations_PDIP-8C
LNK606GG,"LinkSwitch-II Family, 6.1W Output Power, SMD-8C",http://www.powerint.com/sites/default/files/product-docs/linkswitch-ii_family_datasheet.pdf,"Energy-Efficient, Accurate CV/CC Switcher for Adapters and Chargers",U,LNK606GG,Package_DIP:PowerIntegrations_SMD-8C
LNK623DG,"LinkSwitch-CV Family, 6W Output Power, SO-8C",http://www.powerint.com/sites/default/files/product-docs/linkcv_family_datasheet.pdf,"Energy-Efficient, Off-line Switcher with Accurate Primary-side Constant-Voltage Control",U,LNK623DG,Package_SO:PowerIntegrations_SO-8C
LNK623PG,"LinkSwitch-CV Family, 6W Output Power, DIP-8C",http://www.powerint.com/sites/default/files/product-docs/linkcv_family_datasheet.pdf,"Energy-Efficient, Off-line Switcher with Accurate Primary-side Constant-Voltage Control",U,LNK623PG,Package_DIP:PowerIntegrations_PDIP-8C
LNK632DG,"LinkSwitch-II Family, 3.1W Output Power, SO-8C",http://www.powerint.com/sites/default/files/product-docs/linkswitch-ii_632DG_datasheet.pdf,"Energy-Efficient, Accurate CV Switcher With CC Control for Adapters and Chargers",U,LNK632DG,Package_SO:PowerIntegrations_SO-8C
LT1073CN,"Micropower DC/DC Converter Adjustable Output Voltage, DIP-8",https://www.analog.com/media/en/technical-documentation/data-sheets/1073fa.pdf,Micropower DC/DC Converter,U,LT1073CN,Package_DIP:DIP-8_W7.62mm
LT1073CN-5,"Micropower DC/DC Converter, Fixed 5V Output Voltage, DIP-8",https://www.analog.com/media/en/technical-documentation/data-sheets/1073fa.pdf,Micropower DC/DC Converter,U,LT1073CN-5,Package_DIP:DIP-8_W7.62mm
LT1073CS,"Micropower DC/DC Converter Adjustable Output Voltage, SO-8",https://www.analog.com/media/en/technical-documentation/data-sheets/1073fa.pdf,Micropower DC/DC Converter,U,LT1073CS,Package_SO:SOIC-8_3.9x4.9mm_P1.27mm
LT1073CS-5,"Micropower DC/DC Converter, Fixed 5V Output Voltage, SO-8",https://www.analog.com/media/en/technical-documentation/data-sheets/1073fa.pdf,Micropower DC/DC Converter,U,LT1073CS-5,Package_SO:SOIC-8_3.9x4.9mm_P1.27mm
LT1301,"Micropower High Efficiency 5V/12V Step-Up DC/DC Converter for Flash Memory, DIP-8/SOIC-8",https://www.analog.com/media/en/technical-documentation/data-sheets/lt1301.pdf,5v 12v dc converter boost,U,LT1301,
LT1307CMS8,"Single Cell Micropower 600kHz PWM DC/DC Converter, 50µA Quiescent Current, MSOP-8",https://www.analog.com/media/en/technical-documentation/data-sheets/1307fa.pdf,Micropower PWM DC/DC Converter,U,LT1307CMS8,Package_SO:MSOP-10_3x3mm_P0.5mm
LT1307CN8,"Single Cell Micropower 600kHz PWM DC/DC Converter, 50µA Quiescent Current, DIP-8",https://www.analog.com/media/en/technical-documentation/data-sheets/1307fa.pdf,Micropower PWM DC/DC Converter,U,LT1307CN8,Package_DIP:DIP-8_W7.62mm
LT1307CS8,"Single Cell Micropower 600kHz PWM DC/DC Converter, 50µA Quiescent Current, SO-8",https://www.analog.com/media/en/technical-documentation/data-sheets/1307fa.pdf,Micropower PWM DC/DC Converter,U,LT1307CS8,Package_SO:SOIC-8_3.9x4.9mm_P1.27mm
LT1372CN8,"1.5A High Efficiency Switching Regulators, 500kHz, 35V Switch Voltage, Adjustable Output Voltage, DIP-8",https://www.analog.com/media/en/technical-documentation/data-sheets/13727fbs.pdf,Switching Regulator Adjustable,U,LT1372CN8,Package_DIP:DIP-8_W7.62mm
LT1372CS8,"1.5A High Efficiency Switching Regulators, 500kHz, 35V Switch Voltage, Adjustable Output Voltage, SO-8",https://www.analog.com/media/en/technical-documentation/data-sheets/13727fbs.pdf,Switching Regulator Adjustable,U,LT1372CS8,Package_SO:SOIC-8_3.9x4.9mm_P1.27mm
LT1945,"Dual Micropower DC/DC Converter with Positive and Negative Outputs, MSOP-10",https://www.analog.com/media/en/technical-documentation/data-sheets/1945fa.pdf,switched voltage converter regulator inverter double shutdown  positive negative,U,LT1945,Package_SO:MSOP-10_3x3mm_P0.5mm
LT3430,"3A High Voltage 200kHz Step-Down Switching Regulator, TSSOP-16",https://www.analog.com/media/en/technical-documentation/data-sheets/34301fa.pdf,Step-Down Switching Regulator,U,LT3430,Package_SO:TSSOP-14-1EP_4.4x5mm_P0.65mm
LT3439,"1A Slew Rate Controlled Ultralow Noise Isolated DC/DC Transformer Driver, TSSOP-16",https://www.analog.com/media/en/technical-documentation/data-sheets/3439fs.pdf,Isolated DC/DC Transformer Driver,U,LT3439,Package_SO:TSSOP-16-1EP_4.4x5mm_P0.65mm
LT3471,"Dual 1.3A, 1.2MHz Boost/Inverter, DFN-10",https://www.analog.com/media/en/technical-documentation/data-sheets/3471fb.pdf,dc/dc converter boost inverter,U,LT3471,Package_DFN_QFN:DFN-10-1EP_3x3mm_P0.5mm_EP1.65x2.38mm
LT3472,"Boost and Inverting DC/DC Converter for CCD Bias, DFN-10",https://www.analog.com/media/en/technical-documentation/data-sheets/3472f.pdf,DC/DC converter CCD Bias Boost,U,LT3472,Package_DFN_QFN:DFN-10-1EP_3x3mm_P0.5mm_EP1.65x2.38mm
LT3514xUFD,"Triple Step-Down Switching Regulator with 100% Duty Cycle Operation, QFN-28",https://www.analog.com/media/en/technical-documentation/data-sheets/3514fa.pdf,triple step-down,U,LT3514xUFD,Package_DFN_QFN:QFN-28-1EP_4x5mm_P0.5mm_EP2.65x3.65mm_ThermalVias
LT3580xDD,"Boost/Inverting DC/DC Converter with 2A Switch, Soft-Start, and Synchronization, DFN-8",https://www.analog.com/media/en/technical-documentation/data-sheets/3580fg.pdf,boost inverting dc-dc,U,LT3580xDD,Package_DFN_QFN:DFN-8-1EP_3x3mm_P0.5mm_EP1.66x2.38mm
LT3580xMS8E,"Boost/Inverting DC/DC Converter with 2A Switch, Soft-Start, and Synchronization, MSOP-8",https://www.analog.com/media/en/technical-documentation/data-sheets/3580fg.pdf,boost inverting dc-dc,U,LT3580xMS8E,Package_SO:MSOP-8-1EP_3x3mm_P0.65mm_EP1.68x1.88mm
LT3748xMS,"100V Isolated Flyback Controller, MSOP-16",https://www.analog.com/media/en/technical-documentation/data-sheets/3748fb.pdf,isolated flyback controller,U,LT3748xMS,Package_SO:Linear_MSOP-12-16_3x4mm_P0.5mm
LT3757EDD,"Boost, flyback, SEPIC and inverting regulator. DFN-10",https://www.analog.com/media/en/technical-documentation/data-sheets/3757Afe.pdf,Boost flyback SEPIC inverting DC/DC regulator,U,LT3757EDD,Package_DFN_QFN:DFN-10-1EP_3x3mm_P0.5mm_EP1.55x2.48mm
LT3757EMSE,"Boost, flyback, SEPIC and inverting regulator. MSOP-10",https://www.analog.com/media/en/technical-documentation/data-sheets/3757Afe.pdf,Boost flyback SEPIC inverting DC/DC regulator,U,LT3757EMSE,Package_SO:MSOP-10-1EP_3x3mm_P0.5mm_EP1.68x1.88mm
LT8303,"100VIN Micropower Isolated Flyback Converter with 150V/450mA Switch, TSOT-23-5",https://www.analog.com/media/en/technical-documentation/data-sheets/8303fa.pdf,Flyback switcher,U,LT8303,Package_TO_SOT_SMD:TSOT-23-5
LT8610,"42V, 2.5A Synchronous Step-Down Regulator with 2.5uA Quiescent Current, MSOP-16",https://www.analog.com/media/en/technical-documentation/data-sheets/8610fa.pdf,high efficiency speed synchronous monolithic buck step-down switching regulator 42V 2.5A,U,LT8610,Package_SO:LTC_MSOP-16-1EP_3x4mm_P0.5mm_EP2.15x3.26mm
LT8610AC,"42V, 3.5A Synchronous Step-Down Regulator with 2.5uA Quiescent Current, 0.8V Feedback Voltage, 3.0V Minimum Vin, MSOP-16",https://www.analog.com/media/en/technical-documentation/data-sheets/8610acfa.pdf,high efficiency speed synchronous monolithic buck step-down switching regulator 42V 3.5A lower feedback voltage minimum vin,U,LT8610AC,Package_SO:LTC_MSOP-16-1EP_3x4mm_P0.5mm_EP2.15x3.26mm
LTC1436A,"High Efficiency Low Noise Synchronous Step-Down Switching Regulators, SSOP-24",https://www.analog.com/media/en/technical-documentation/data-sheets/14367afb.pdf,buck controller 36V,U,LTC1436A,Package_SO:SSOP-24_3.9x8.7mm_P0.635mm
LTC1436A-PLL,"High Efficiency Low Noise Synchronous Step-Down Switching Regulators, SSOP-24",https://www.analog.com/media/en/technical-documentation/data-sheets/14367afb.pdf,buck controller 36V,U,LTC1436A-PLL,Package_SO:SSOP-24_3.9x8.7mm_P0.635mm
LTC1437A,"High Efficiency Low Noise Synchronous Step-Down Switching Regulators, SSOP-28",https://www.analog.com/media/en/technical-documentation/data-sheets/14367afb.pdf,buck controller 36V,U,LTC1437A,Package_SO:SSOP-28_5.3x10.2mm_P0.65mm
LTC1878EMS8,"High Efficiency Monolithic Synchronous Step-Down Regulator, MSOP-8",https://www.analog.com/media/en/technical-documentation/data-sheets/1878f.pdf,Synchronous Step-Down Regulator,U,LTC1878EMS8,Package_SO:MSOP-8_3x3mm_P0.65mm
LTC3406BES5-1.2,"600mA Synchronous Step-Down Regulator, 1.5MHz, Fixed 1.2V Output Voltage, Burst Mode Disabled, ThinSOT-23",https://www.analog.com/media/en/technical-documentation/data-sheets/3406b12fs.pdf,Regulator step-down,U,LTC3406BES5-1.2,Package_TO_SOT_SMD:TSOT-23-5
LTC3429,"600mA, 500kHz Micropower Synchronous Boost Converter with Output Disconnect, TSOT-23-6",https://www.analog.com/media/en/technical-documentation/data-sheets/3429fa.pdf,boost step-up DC/DC synchronous,U,LTC3429,Package_TO_SOT_SMD:TSOT-23-6
LTC3442,"Micropower Synchronous Buck-Boost DC/DC Converter with Automatic Burst Mode Operation, DFN-12",https://www.analog.com/media/en/technical-documentation/data-sheets/3442fb.pdf,Micropower Synchronous Buck-Boost DC/DC Converter,U,LTC3442,Package_DFN_QFN:DFN-12-1EP_3x4mm_P0.5mm_EP1.7x3.3mm
LTC3525,"400mA Micropower Synchronous Step-Up DC/DC Converter with Output Disconnect, SC-70-6",https://www.analog.com/media/en/technical-documentation/data-sheets/3525fc.pdf,boost step-up DC/DC synchronous,U,LTC3525,Package_TO_SOT_SMD:SOT-363_SC-70-6
LTC3630DHC,"500mA High efficiency 65V synchronous step-down converter, DFN-16",https://www.analog.com/media/en/technical-documentation/data-sheets/3630fd.pdf,buck dc-dc switcher switching,U,LTC3630DHC,Package_DFN_QFN:DFN-16-1EP_3x5mm_P0.5mm_EP1.66x4.4mm
LTC3630MSE,"500mA High efficiency 65V synchronous step-down converter, MSOP-16(12)",https://www.analog.com/media/en/technical-documentation/data-sheets/3630fd.pdf,buck dc-dc switcher switching,U,LTC3630MSE,Package_SO:Linear_MSOP-12-16-1EP_3x4mm_P0.5mm
LTC3638,"250mA High efficiency 140V step-down converter, MSOP-16(12)",https://www.analog.com/media/en/technical-documentation/data-sheets/3638fa.pdf,buck dc-dc switcher switching,U,LTC3638,Package_SO:Linear_MSOP-12-16-1EP_3x4mm_P0.5mm
LTC3886,"60V dual output buck output with digital power system management, UKG52(46)",https://www.analog.com/media/en/technical-documentation/data-sheets/LTC3886-3886-1.pdf,step down switch manager I2C telemetry fault current sense,U,LTC3886,Package_DFN_QFN:Linear_UGK52_QFN-46-52
LTC7138,"400mA High efficiency 140V step-down converter, MSOP-16(12)",https://www.analog.com/media/en/technical-documentation/data-sheets/7138f.pdf,buck dc-dc switcher switching,U,LTC7138,Package_SO:Linear_MSOP-12-16-1EP_3x4mm_P0.5mm
LTM8063,"40VIN, 2A Silent Switcher µModule Regulator, BGA-28",https://www.analog.com/media/en/technical-documentation/data-sheets/8063fa.pdf,uModule DCDC,U,LTM8063,Package_BGA:Analog_BGA-28_4.0x6.25mm_Layout4x7_P0.8mm_Ball0.45mm_Pad0.4
MAX15062A,"60V, 300mA, synchronous step-down dc-dc converter, 3.3V fixed output voltage, DFN-8",http://datasheets.maximintegrated.com/en/ds/MAX15062.pdf,step-down dc-dc switching regulator,U,MAX15062A,Package_DFN_QFN:DFN-8_2x2mm_P0.5mm
MAX17572,"4.5V–60V, 1A, High-Efficiency, Synchronous Step-Down DC-DC Converter with Internal Compensation, DFN-12",https://datasheets.maximintegrated.com/en/ds/MAX17572.pdf,Step-down dc-dc switching regulator,U,MAX17572,Package_DFN_QFN:DFN-12-1EP_3x3mm_P0.5mm_EP2.05x2.86mm
MAX17574,"4.5V–60V, 3A, High-Efficiency, Synchronous Step-Down DC-DC Converter with Internal Compensation, QFN-24",https://datasheets.maximintegrated.com/en/ds/MAX17574.pdf,Step-down dc-dc switching regulator,U,MAX17574,Package_DFN_QFN:QFN-24-1EP_4x5mm_P0.5mm_EP2.65x3.65mm
MAX5035AUPA,"1A, High-Efficiency Step-Down DC-DC Converter, 3.3V fixed output voltage, Vin 76V, PDIP-8",http://datasheets.maximintegrated.com/en/ds/MAX5035.pdf,3.3V 1A Step-Down Converter 76V,U,MAX5035AUPA,Package_DIP:DIP-8_W7.62mm
MAX5035AUSA,"1A, High-Efficiency Step-Down DC-DC Converter, 3.3V fixed output voltage, Vin 76V, SO-8",http://datasheets.maximintegrated.com/en/ds/MAX5035.pdf,3.3V 1A Step-Down Converter 76V,U,MAX5035AUSA,Package_SO:SOIC-8_3.9x4.9mm_P1.27mm
MAX777L,"210mA, Low voltage input, step-up DC-DC converter, 5V output voltage, DIP-8/SO-8",https://kanga.gerbilator.org/ICs/MAX777.pdf,switching regulator boost step-up dc-dc,U,MAX777L,
MAX778L,"210mA, Low voltage input, step-up DC-DC converter, 3V/3.3V output voltage, DIP-8/SO-8",https://kanga.gerbilator.org/ICs/MAX777.pdf,switching regulator boost step-up dc-dc,U,MAX778L,
MAX779L,"210mA, Low voltage input, step-up DC-DC converter, adjustable output voltage, DIP-8/SO-8",https://kanga.gerbilator.org/ICs/MAX777.pdf,switching regulator boost step-up dc-dc,U,MAX779L,
MC33063AD,"1.5A, step-up/down/inverting switching regulator, 3-40V Vin, 100kHz, SO-8",http://www.onsemi.com/pub_link/Collateral/MC34063A-D.PDF,smps buck boost inverting,U,MC33063AD,Package_SO:SOIC-8_3.9x4.9mm_P1.27mm
MC33063AP,"1.5A, step-up/down/inverting switching regulator, 3-40V Vin, 100kHz, DIP-8",http://www.onsemi.com/pub_link/Collateral/MC34063A-D.PDF,smps buck boost inverting,U,MC33063AP,Package_DIP:DIP-8_W7.62mm
MC33063MNTXG,"1.5A, step-up/down/inverting switching regulator, 3-40V Vin, 100kHz, DFN-8",http://www.onsemi.com/pub_link/Collateral/MC34063A-D.PDF,smps buck boost inverting,U,MC33063MNTXG,Package_DFN_QFN:DFN-8-1EP_4x4mm_P0.8mm_EP2.5x3.6mm
MCP16301,"1A, 4.0 to 30V Input, High Voltage Input integrated switch step-down regulator, SOT-23-6",http://ww1.microchip.com/downloads/en/DeviceDoc/20005004D.pdf,switching buck converter power-supply voltage regulator,U,MCP16301,Package_TO_SOT_SMD:SOT-23-6
MCP16311MNY,"1A Output Voltage, 30V Input, integrated switch step-down regulator, PFM/PWM modulation, DFN-8",http://ww1.microchip.com/downloads/en/DeviceDoc/20005255B.pdf,switching buck converter power-supply voltage regulator,U,MCP16311MNY,Package_DFN_QFN:DFN-8-1EP_3x2mm_P0.5mm_EP1.75x1.45mm
MCP16311MS,"30V Input, 1A Output Voltage, integrated switch step-down regulator, PFM/PWM modulation, MSOP-8",http://ww1.microchip.com/downloads/en/DeviceDoc/20005255B.pdf,switching buck converter power-supply voltage regulator,U,MCP16311MS,Package_SO:MSOP-8_3x3mm_P0.65mm
MCP16331CH,"High-Voltage Input Integrated Switch Step-Down Regulator, VDD +4.4V to 50V, Out +2.0V to +24V, SOT-23",http://ww1.microchip.com/downloads/en/DeviceDoc/20005308C.pdf,High-Voltage Input Integrated Switch Step-Down Regulator,U,MCP16331CH,Package_TO_SOT_SMD:SOT-23-6
MCP16331MN,"High-Voltage Input Integrated Switch Step-Down Regulator, VDD +4.4V to 50V, Out +2.0V to +24V, TDFN-8",http://ww1.microchip.com/downloads/en/DeviceDoc/20005308C.pdf,High-Voltage Input Integrated Switch Step-Down Regulator,U,MCP16331MN,Package_DFN_QFN:DFN-8-1EP_3x2mm_P0.5mm_EP1.75x1.45mm
MCP1640CH,"Synchronous Boost Regulator, Adjustable Output 2.0V-5.5V, PWM/PFM True Disconnect, SOT-23",http://ww1.microchip.com/downloads/en/DeviceDoc/20002234D.pdf,Step-Up Boost DC-DC Regulator Adjustable,U,MCP1640CH,Package_TO_SOT_SMD:SOT-23-6
MCP1640MC,"Synchronous Boost Regulator, Adjustable Output 2.0V-5.5V, PWM/PFM True Disconnect, DFN-8",http://ww1.microchip.com/downloads/en/DeviceDoc/20002234D.pdf,Step-Up Boost DC-DC Regulator Adjustable,U,MCP1640MC,Package_DFN_QFN:DFN-8-1EP_3x2mm_P0.5mm_EP1.75x1.45mm
MCP1650,"750 kHz Boost Controller, 3.3-100V output voltage, 5W, MSOP-8",http://ww1.microchip.com/downloads/en/DeviceDoc/21876B.pdf,boost controller,U,MCP1650,Package_SO:MSOP-8_3x3mm_P0.65mm
MCP1651,"750 kHz Boost Controller, 3.3-100V output voltage, 5W, Low Battery Detection, MSOP-8",http://ww1.microchip.com/downloads/en/DeviceDoc/21876B.pdf,boost controller,U,MCP1651,Package_SO:MSOP-8_3x3mm_P0.65mm
MCP1652,"750 kHz Boost Controller, 3.3-100V output voltage, 5W, Power Good Detection, MSOP-8",http://ww1.microchip.com/downloads/en/DeviceDoc/21876B.pdf,boost controller,U,MCP1652,Package_SO:MSOP-8_3x3mm_P0.65mm
MCP1653,"750 kHz Boost Controller, 3.3-100V output voltage, 5W, Low Battery Detection, Power Good Detection, MSOP-10",http://ww1.microchip.com/downloads/en/DeviceDoc/21876B.pdf,boost controller,U,MCP1653,Package_SO:MSOP-10_3x3mm_P0.5mm
MIC2177,"2.5A Synchronous Buck Regulator, Adjustable Output Voltage, SO-20W",http://ww1.microchip.com/downloads/en/DeviceDoc/mic2177.pdf,Synchronous Buck Regulator adjustable,U,MIC2177,Package_SO:SOIC-20W_7.5x12.8mm_P1.27mm
MIC2178,"2.5A Synchronous Buck Regulator, 4.5-16.5V Input Voltage, Adjustable Output Voltage, SO-20W",http://ww1.microchip.com/downloads/en/DeviceDoc/mic2177.pdf,Synchronous Buck Regulator adjustable,U,MIC2178,Package_SO:SOIC-20W_7.5x12.8mm_P1.27mm
MIC2290,"1.2 Mhz PWM Boost Regulator with Internal Schotty Diode, MLF-8",http://ww1.microchip.com/downloads/en/DeviceDoc/mic2290.pdf,boost switching voltage converter regulator,U,MIC2290,Package_DFN_QFN:Micrel_MLF-8-1EP_2x2mm_P0.5mm_EP0.8x1.3mm_ThermalVias
MIC4690,"1A, 500kHz SuperSwitcher Buck Regulator, 4-34V Input Voltage, Adjustable Output Voltage, SO-8",http://ww1.microchip.com/downloads/en/DeviceDoc/mic4690.pdf,regulator switching adjustable,U,MIC4690,Package_SO:SOIC-8_3.9x4.9mm_P1.27mm
MP1470,"High-Efficiency, 2A, 16V, 500kHz Synchronous, Step-Down Converter, TSOT-23-6",https://www.monolithicpower.com/pub/media/document/MP1470_r1.02.pdf,buck converter,U,MP1470,Package_TO_SOT_SMD:TSOT-23-6
MP171GJ,"60mA Non-Isolated Off-Line Regulator, 700V Input Voltage, Adjustable Output Voltage, TSOT-23-5",https://www.monolithicpower.com/pub/media/document/m/p/mp171_r1.01.pdf,regulator switching adjustable,U,MP171GJ,Package_TO_SOT_SMD:TSOT-23-5
MP171GS,"60mA Non-Isolated Off-Line Regulator, 700V Input Voltage, Adjustable Output Voltage, SOIC-8",https://www.monolithicpower.com/pub/media/document/m/p/mp171_r1.01.pdf,regulator switching adjustable,U,MP171GS,Package_SO:SOIC-8_3.9x4.9mm_P1.27mm
NCP1070P065,"High-Voltage Switcher for Low Power Offline SMPS, 700V Vds, 14W/7.75W, 230V/85-265V, 65kHz, 22Ohm Rds(on), 250mA Ipk, DIP-7",http://www.onsemi.com/pub/Collateral/NCP1070-D.PDF,SMPS Converter,U,NCP1070P065,Package_DIP:DIP-8-N7_W7.62mm
NCP1070STAT,"High-Voltage Switcher for Low Power Offline SMPS, 700V Vds, 14W/7.75W, 230V/85-265V, 65kHz, 22Ohm Rds(on), 250mA Ipk, SOT-223",http://www.onsemi.com/pub/Collateral/NCP1070-D.PDF,SMPS Converter,U,NCP1070STAT,Package_TO_SOT_SMD:SOT-223
NID30S24-05,"2.5A/12.5W Step Down Converter Module, fixed 5V Output Voltage, 250kHz, 20-53V Input Voltage",http://www.meanwell.com/webapp/product/search.aspx?prod=nid30,Step-Down Converter Module DC/DC,U,NID30S24-05,Converter_DCDC:Converter_DCDC_MeanWell_NID30_THT
NID60S24-05,"4A/20W Step Down Converter Module, fixed 5V Output Voltage, 250kHz, 20-53V Input Voltage",http://www.meanwell.com/78ddf876-a86c-4a52-8a41-4ee24dd9913d,Step-Down Converter Module DC/DC,U,NID60S24-05,Converter_DCDC:Converter_DCDC_MeanWell_NID60_THT
NMA0512DC,"+/-42mA Isolated 1W Dual output DC/DC Converter Module, 5V Input Voltage, +/-12V Output Voltage, DIP Package",http://power.murata.com/data/power/ncl/kdc_nma.pdf,Murata isolated isolation dc-dc converter,U,NMA0512DC,Converter_DCDC:Converter_DCDC_muRata_NMAxxxxDC_THT
NMA0512SC,"+/-42mA Isolated 1W Dual output DC/DC Converter Module, 5V Input Voltage, +/-12V Output Voltage, SIP3",http://power.murata.com/data/power/ncl/kdc_nma.pdf,Murata isolated isolation dc-dc converter,U,NMA0512SC,Converter_DCDC:Converter_DCDC_muRata_NMAxxxxSC_THT
NXE2S0505MC,5V to 5V 400mA DC-DC Converter with 3kV isolation,http://power.murata.com/data/power/ncl/kdc_nxe2.pdf,isolated isolation dc-dc converter transformer,U,NXE2S0505MC,Converter_DCDC:Converter_DCDC_muRata_NXE2SxxxxMC_THT
PAM2305AAB330,"1A, Step-Down DC/DC-Converter, 3.3V Fixed Output Voltage, 1.5MHz, TSOT-23",https://www.diodes.com/assets/Datasheets/PAM2305.pdf,Voltage regulator switching buck fixed output analog,U,PAM2305AAB330,Package_TO_SOT_SMD:TSOT-23-5
PAM2305BJE330,"1A, Step-Down DC/DC-Converter, 3.3V Fixed Output Voltage, 1.5MHz, QFN-16",https://www.diodes.com/assets/Datasheets/PAM2305.pdf,Voltage regulator switching buck fixed output analog,U,PAM2305BJE330,Package_DFN_QFN:QFN-16-1EP_3x3mm_P0.5mm_EP1.7x1.7mm
PAM2305CGF330,"1A, Step-Down DC/DC-Converter, 3.3V Fixed Output Voltage, 1.5MHz, DFN-6",https://www.diodes.com/assets/Datasheets/PAM2305.pdf,Voltage regulator switching buck fixed output analog,U,PAM2305CGF330,Package_DFN_QFN:DFN-6-1EP_2x2mm_P0.65mm_EP1x1.6mm
PAM2306AYPAA,"1A, Dual Step-Down DC/DC-Converter, Out1 ADJ, Out2 ADJ, 1.5MHz, W-DFN3x3",https://www.diodes.com/assets/Datasheets/PAM2306.pdf,"STEP-DOWN Dual channel 1A Out1 ADJ, Out2 ADJ",U,PAM2306AYPAA,Package_DFN_QFN:WDFN-12-1EP_3x3mm_P0.45mm_EP1.7x2.5mm
R-78B1.2-2.0,"2A Step-Down DC/DC-Regulator, 4.75-32V input, 1.2V fixed Output Voltage, LM78xx replacement, -40°C to +85°C, SIP3",https://www.recom-power.com/pdf/Innoline/R-78Bxx-2.0.pdf,dc-dc recom Step-Down DC/DC-Regulator,U,R-78B1.2-2.0,Converter_DCDC:Converter_DCDC_RECOM_R-78B-2.0_THT
R-78E5.0-0.5,"500mA Step-Down DC/DC-Regulator, 7-28V input, 5V fixed Output Voltage, LM78xx replacement, -40°C to +85°C, SIP3",https://www.recom-power.com/pdf/Innoline/R-78Exx-0.5.pdf,dc-dc recom Step-Down DC/DC-Regulator,U,R-78E5.0-0.5,Converter_DCDC:Converter_DCDC_RECOM_R-78E-0.5_THT
R-78HB24-0.3,"300mA Step-Down DC/DC-Regulator, 36-72V input, 24V fixed Output Voltage, LM78xx replacement, -40°C to +85°C, SIP3",https://www.recom-power.com/pdf/Innoline/R-78HBxx-0.5_L.pdf,dc-dc recom Step-Down DC/DC-Regulator,U,R-78HB24-0.3,Converter_DCDC:Converter_DCDC_RECOM_R-78HB-0.5_THT
R-78S3.3-0.1,"100mA Step-Up DC/DC-Regulator, 0.65-3.15V input, 3.3V fixed Output Voltage, LM78xx replacement, -40°C to +85°C, SIP4",https://www.recom-power.com/pdf/Innoline/R-78Sxx-0.1.pdf,dc-dc recom Step-Down DC/DC-Regulator,U,R-78S3.3-0.1,Converter_DCDC:Converter_DCDC_RECOM_R-78S-0.1_THT
SC4503TSK,"1.9A, 1.3MHz Step-Up DC/DC Converter, 2.5V-20V output voltage, TSOT23",https://www.semtech.com/uploads/documents/sc4503.pdf,1.9A 1.3MHz Step-Up DC/DC,U,SC4503TSK,Package_TO_SOT_SMD:TSOT-23-5
ST1S10PHR,"3A monolithic synchronous step-down regulator, Adjustable Output Voltage, 2.5-18V Input Voltage, 900kHz, PowerSO-8",http://www.st.com/internet/com/TECHNICAL_RESOURCES/TECHNICAL_LITERATURE/DATASHEET/CD00169322.pdf,DC/DC Buck Conwerter 3A Low Voltage Input,U,ST1S10PHR,Package_SO:TI_SO-PowerPAD-8
ST1S10PUR,"3A monolithic synchronous step-down regulator, Adjustable Output Voltage, 2.5-18V Input Voltage, 900kHz, DFN-8",http://www.st.com/internet/com/TECHNICAL_RESOURCES/TECHNICAL_LITERATURE/DATASHEET/CD00169322.pdf,DC/DC Buck Conwerter 3A Low Voltage Input,U,ST1S10PUR,Package_DFN_QFN:DFN-8-1EP_4x4mm_P0.8mm_EP2.5x3.6mm
ST1S14PHR,"3A step-down switching regulator, Adjustable Output Voltage, 5.5-48V Input Voltage, 850kHz, PowerSO-8",http://www.st.com/internet/com/TECHNICAL_RESOURCES/TECHNICAL_LITERATURE/DATASHEET/CD00285678.pdf,DC/DC Buck Conwerter 3A,U,ST1S14PHR,Package_SO:TI_SO-PowerPAD-8
TL497,"500mA step up/step down/inverting switching voltage regulator, SIP-14/SOIC-14(W)",http://www.ti.com/lit/ds/symlink/tl497a.pdf,buck regulator,U,TL497,
TLV61046ADB,"28-V Output Voltage Boost Converter with Power Diode and Isolation Switch, SOT-23-6",http://www.ti.com/lit/ds/symlink/tlv61046a.pdf,Step-Up DC-DC Converter,U,TLV61046ADB,Package_TO_SOT_SMD:SOT-23-6
TLV62080DSGx,High-efficiency Step-down Converter,http://www.ti.com/lit/ds/symlink/tlv62080.pdf,Synchronous Buck,U,TLV62080DSGx,Package_SON:WSON-8-1EP_2x2mm_P0.5mm_EP0.9x1.6mm
TLV62095RGTx,High efficiency step-down converter,http://www.ti.com/lit/ds/symlink/tlv62095.pdf,Synchronous Buck,U,TLV62095RGTx,Package_DFN_QFN:VQFN-16-1EP_3x3mm_P0.5mm_EP1.68x1.68mm_ThermalVias
TLV62568DBV,"High Efficiency Synchronous Buck Converter, Adjustable Output 0.6V-5.5V, 1A, SOT-23-5",http://www.ti.com/lit/ds/symlink/tlv62568.pdf,Step-Down Buck DC-DC Regulator Adjustable,U,TLV62568DBV,Package_TO_SOT_SMD:SOT-23-5
TLV62568DDC,"High Efficiency Synchronous Buck Converter, Adjustable Output 0.6V-5.5V, 1A, SOT-23-6",http://www.ti.com/lit/ds/symlink/tlv62568.pdf,Step-Down Buck DC-DC Regulator Adjustable,U,TLV62568DDC,Package_TO_SOT_SMD:SOT-23-6
TLV62568DRL,"High Efficiency Synchronous Buck Converter, Adjustable Output 0.6V-5.5V, 1A, SOT-563-6",http://www.ti.com/lit/ds/symlink/tlv62568.pdf,Step-Down Buck DC-DC Regulator Adjustable,U,TLV62568DRL,Package_TO_SOT_SMD:SOT-563
TMR_1-0511,"200mA Regulated 1W DC/DC converter with 1.5kV isolation, 4.5V-9V input, 5V fixed Output Voltage, SIP-6",http://assets.tracopower.com/TMR1/documents/tmr1-datasheet.pdf,Murata isolated isolation dc-dc converter transformer,U,TMR_1-0511,Converter_DCDC:Converter_DCDC_TRACO_TMR-1-xxxx_Single_THT
TMR_1-0511SM,"200mA Regulated 1W DC/DC converter with 1.5kV isolation, 4.5V-9V input, 5V fixed Output Voltage, SMD",http://assets.tracopower.com/TMR1SM/documents/tmr1sm-datasheet.pdf,Murata isolated isolation dc-dc converter transformer,U,TMR_1-0511SM,Converter_DCDC:Converter_DCDC_TRACO_TMR-1SM_SMD
TMR_1-0522,"+/-42mA Regulated 1W DC/DC converter with 1.5kV isolation, 4.5V-9V input, +/-12V fixed Output Voltage, SIP-6",http://assets.tracopower.com/TMR1/documents/tmr1-datasheet.pdf,Murata isolated isolation dc-dc converter transformer,U,TMR_1-0522,Converter_DCDC:Converter_DCDC_TRACO_TMR-1-xxxx_Dual_THT
TMR_1-0522SM,"+/-42mA Regulated 1W DC/DC converter with 1.5kV isolation, 4.5V-9V input, +/-12V fixed Output Voltage, SMD",http://assets.tracopower.com/TMR1SM/documents/tmr1sm-datasheet.pdf,Murata isolated isolation dc-dc converter transformer,U,TMR_1-0522SM,Converter_DCDC:Converter_DCDC_TRACO_TMR-1SM_SMD
TNY263G,"TinySwitch-II Family, 4.7W Output Power, SMD-8B",http://www.powerint.com/sites/default/files/product-docs/tny263_268.pdf,"Enhanced, Energy Efficient, Low Power Off-line Switcher",U,TNY263G,Package_DIP:PowerIntegrations_SMD-8B
TNY263P,"TinySwitch-II Family, 4.7W Output Power, DIP-8B",http://www.powerint.com/sites/default/files/product-docs/tny263_268.pdf,"Enhanced, Energy Efficient, Low Power Off-line Switcher",U,TNY263P,Package_DIP:PowerIntegrations_PDIP-8B
TNY274G,"TinySwitch-III Family, 8.5W Output Power, SMD-8C",http://www.powerint.com/sites/default/files/product-docs/tny274-280.pdf,"Energy-Efficient, Off-Line Switcher With Enhanced Flexibility and Extended Power Range",U,TNY274G,Package_DIP:PowerIntegrations_SMD-8C
TNY274P,"TinySwitch-III Family, 8.5W Output Power, DIP-8C",http://www.powerint.com/sites/default/files/product-docs/tny274-280.pdf,"Energy-Efficient, Off-Line Switcher With Enhanced Flexibility and Extended Power Range",U,TNY274P,Package_DIP:PowerIntegrations_PDIP-8C
TNY284D,"TinySwitch-4 Family, 8.5W Output Power, SO-8C",https://ac-dc.power.com/sites/default/files/product-docs/tinyswitch-4_family_datasheet.pdf,"Energy-Efficient, Off-Line Switcher With Line Compensated Overload Power",U,TNY284D,Package_SO:PowerIntegrations_SO-8C
TNY284K,"TinySwitch-4 Family, 8.5W Output Power, eSOP-12B",https://ac-dc.power.com/sites/default/files/product-docs/tinyswitch-4_family_datasheet.pdf,"Energy-Efficient, Off-Line Switcher With Line Compensated Overload Power",U,TNY284K,Package_SO:PowerIntegrations_eSOP-12B
TNY284P,"TinySwitch-4 Family, 8.5W Output Power, PDIP-8C",https://ac-dc.power.com/sites/default/files/product-docs/tinyswitch-4_family_datasheet.pdf,"Energy-Efficient, Off-Line Switcher With Line Compensated Overload Power",U,TNY284P,Package_DIP:PowerIntegrations_PDIP-8C
TOP100YN,"TOPSwitch Family, 20W Max Output Power, TO-220",http://www.powerint.com/sites/default/files/product-docs/top100.pdf,Three-terminal Off-line PWM Switch,U,TOP100YN,Package_TO_SOT_THT:TO-220-3_Vertical
TOP200YAI,"TOPSwitch Family, 12W Max Output Power, TO-220",http://www.powerint.com/sites/default/files/product-docs/top200-204214.pdf,Three-terminal Off-line PWM Switch,U,TOP200YAI,Package_TO_SOT_THT:TO-220-3_Vertical
TOP209G,"TOPSwitch Family, 2W Max Output Power, SMD-8",http://www.powerint.com/sites/default/files/product-docs/top209210.pdf,Three-terminal Off-line PWM Switch,U,TOP209G,Package_DIP:PowerIntegrations_SMD-8
TOP209P,"TOPSwitch Family, 2W Max Output Power, DIP-8",http://www.powerint.com/sites/default/files/product-docs/top209210.pdf,Three-terminal Off-line PWM Switch,U,TOP209P,Package_DIP:DIP-8_W7.62mm
TOP252EN,"TOPSwitch-HX Family, 13W Output Power",https://ac-dc.power.com/sites/default/files/product-docs/topswitch-hx_family_datasheet.pdf,"Eco Smart Off-Line Switcher, Extendend Power Range",U,TOP252EN,Package_SIP:PowerIntegrations_eSIP-7C
TOP252GN,"TOPSwitch-HX Family, 10W Output Power",https://ac-dc.power.com/sites/default/files/product-docs/topswitch-hx_family_datasheet.pdf,"Eco Smart Off-Line Switcher, Extendend Power Range",U,TOP252GN,Package_DIP:PowerIntegrations_SMD-8C
TOP252MN,"TOPSwitch-HX Family, 10W Output Power",https://ac-dc.power.com/sites/default/files/product-docs/topswitch-hx_family_datasheet.pdf,"Eco Smart Off-Line Switcher, Extendend Power Range",U,TOP252MN,Package_DIP:PowerIntegrations_SDIP-10C
TOP252PN,"TOPSwitch-HX Family, 10W Output Power",https://ac-dc.power.com/sites/default/files/product-docs/topswitch-hx_family_datasheet.pdf,"Eco Smart Off-Line Switcher, Extendend Power Range",U,TOP252PN,Package_DIP:PowerIntegrations_PDIP-8C
TOP254YN,"TOPSwitch-HX Family, 43W Output Power",https://ac-dc.power.com/sites/default/files/product-docs/topswitch-hx_family_datasheet.pdf,"Eco Smart Off-Line Switcher, Extendend Power Range",U,TOP254YN,Package_TO_SOT_THT:PowerIntegrations_TO-220-7C
TOP255LN,"TOPSwitch-HX Family, 57W Output Power",https://ac-dc.power.com/sites/default/files/product-docs/topswitch-hx_family_datasheet.pdf,"Eco Smart Off-Line Switcher, Extendend Power Range",U,TOP255LN,Package_SIP:PowerIntegrations_eSIP-7F
TOP259YN,"TOPSwitch-HX Family, 171W Output Power",https://ac-dc.power.com/sites/default/files/product-docs/topswitch-hx_family_datasheet.pdf,"Eco Smart Off-Line Switcher, Extendend Power Range",U,TOP259YN,Package_TO_SOT_THT:PowerIntegrations_TO-220-7C
TOP264EG,"TOPSwitch-JX Family, 43W Output Power, eSIP-7C",https://ac-dc.power.com/sites/default/files/product-docs/topswitch-jx_family_datasheet.pdf,Integrated Off-Line Switcher with EcoSmart™ Technology,U,TOP264EG,Package_SIP:PowerIntegrations_eSIP-7C
TOP264KG,"TOPSwitch-JX Family, 30W Output Power, eSOP-12B",https://ac-dc.power.com/sites/default/files/product-docs/topswitch-jx_family_datasheet.pdf,Integrated Off-Line Switcher with EcoSmart™ Technology,U,TOP264KG,Package_SO:PowerIntegrations_eSOP-12B
TOP264VG,"TOPSwitch-JX Family, 43W Output Power, eDIP-12B",https://ac-dc.power.com/sites/default/files/product-docs/topswitch-jx_family_datasheet.pdf,Integrated Off-Line Switcher with EcoSmart™ Technology,U,TOP264VG,Package_DIP:PowerIntegrations_eDIP-12B
TPS51363,"High-voltage input, synchronous converter with integrated FET, QFN-28",http://www.ti.com/lit/ds/symlink/tps51363.pdf,Step-down,U,TPS51363,Package_DFN_QFN:Texas_R-PWQFN-N28_EP2.1x3.1mm
TPS5420D,"Adjustable Output, 2A Step-Down Converter, 5.5V-36V Input, 500kHz Switching Frequency",http://www.ti.com/lit/ds/symlink/tps5420.pdf,switching buck converter step-down,U,TPS5420D,Package_SO:SOIC-8_3.9x4.9mm_P1.27mm
TPS54233,"2A, Step Down DC-DC Converter with Eco-mode, 3.5-28V Input Voltage, SO-8",http://www.ti.com/lit/ds/symlink/tps54233.pdf,Step-Down DC-DC Switching Regulator High Voltage High Frequency,U,TPS54233,Package_SO:SOIC-8_3.9x4.9mm_P1.27mm
TPS54302,"3A, 4.5 to 28V Input, EMI Friendly integrated switch synchronous step-down regulator, pulse-skipping, SOT-23-6",http://www.ti.com/lit/ds/symlink/tps54302.pdf,switching buck converter power-supply voltage regulator emi spread spectrum,U,TPS54302,Package_TO_SOT_SMD:SOT-23-6
TPS5430DDA,"3A, Step Down Swift Converter, Adjustable Output Voltage, 5.5-36V Input Voltage, PowerSO-8",http://www.ti.com/lit/ds/symlink/tps5430.pdf,Step-Down DC-DC Switching Regulator,U,TPS5430DDA,Package_SO:TI_SO-PowerPAD-8_ThermalVias
TPS54336ADDA," 4.5V to 28V Input, 3A, Synchronous Step-Down Converter with Eco-mode(tm)",http://www.ti.com/lit/ds/symlink/tps54336a.pdf,Step-Down DC-DC Switching Regulator,U,TPS54336ADDA,Package_SO:TI_SO-PowerPAD-8_ThermalVias
TPS54360DDA,"3.5A, Step Down DC-DC Converter with Eco-mode, 4.5-60V Input Voltage, PowerSO-8",http://www.ti.com/lit/ds/symlink/tps54360.pdf,Step-Down DC-DC Switching Regulator High Voltage High Frequency,U,TPS54360DDA,Package_SO:TI_SO-PowerPAD-8_ThermalVias
TPS560200,"500mA, Synchronous Step-Down Converter With, Adjustable Output Voltage, 4.5-17V Input Voltage, SOT-23-5",http://www.ti.com/lit/ds/symlink/tps560200.pdf,Voltage regulator switching buck fixed output analog,U,TPS560200,Package_TO_SOT_SMD:SOT-23-5
TPS562200,"2A Synchronous Step-Down Voltage Regulator, Adjustable Output Voltage, 4.5-17V Input Voltage, SOT-23-6",http://www.ti.com/lit/ds/symlink/tps563200.pdf,step-down dcdc voltage regulator,U,TPS562200,Package_TO_SOT_SMD:SOT-23-6
TPS568215RNN,"4.5V-17V Input, 8A Synchronous Step-Down SWIFT Converter, Adjustable Output, 400kHz/800kHz/1.2MHz Switching Frequency, Texas VQFN-18",http://www.ti.com/lit/ds/symlink/tps568215.pdf,switching buck converter step-down,U,TPS568215RNN,Package_DFN_QFN:Texas_RNN0018A
TPS61041DDC,"Synchronous Boost Regulator, Adjustable Output up to 28V, SOT-23-5",http://www.ti.com/lit/ds/symlink/tps61040.pdf,Step-Up Boost DC-DC Regulator Adjustable,U,TPS61041DDC,Package_TO_SOT_SMD:SOT-23-5
TPS61041DRV,"Synchronous Boost Regulator, Adjustable Output up to 28V, WSON-6",http://www.ti.com/lit/ds/symlink/tps61040.pdf,Step-Up Boost DC-DC Regulator Adjustable,U,TPS61041DRV,Package_SON:WSON-6-1EP_2x2mm_P0.65mm_EP1x1.6mm
TPS61090,"2A Step-Up DC-DC Converter for Batteries, Isw up to 2500mA, Adjustable output voltage, QFN-16",http://www.ti.com/lit/ds/symlink/tps61090.pdf,Adjustable 2A battery boost converter,U,TPS61090,Package_DFN_QFN:Texas_S-PVQFN-N16_EP2.7x2.7mm_ThermalVias
TPS61200DRC,"Low Input Voltage Synchronous Boost Converter With 1.3A Switches, Adjustable Output Voltage, 0.3-5.5V Input Voltage, VSON-10",http://www.ti.com/lit/ds/symlink/tps61200.pdf,boost step-up DC/DC synchronous,U,TPS61200DRC,Package_SON:Texas_S-PVSON-N10_ThermalVias
TPS61202DSC,"Low Input Voltage Synchronous Boost Converter With 1.3A Switches, Fixed 5V Output Voltage, 0.3-5.5V Input Voltage, WSON-10",http://www.ti.com/lit/ds/symlink/tps61200.pdf,boost step-up DC/DC synchronous,U,TPS61202DSC,Package_SON:Texas_DSC0010J_ThermalVias
TPS61220DCK,"400 mA Step-Up Converter, Adjustable Output Voltage, 0.7-5.5V Input Voltage, SC-70",http://www.ti.com/lit/ds/symlink/tps61220.pdf,Boost adjustable converter,U,TPS61220DCK,Package_TO_SOT_SMD:Texas_R-PDSO-G6
TPS61252DSG,"Tiny 1.5-A Boost Converter With Adjustable Input Current Limit, 2.3-6.0V Vin, 3.0-6.5V Vout, WSON-8",http://www.ti.com/lit/ds/symlink/tps61252.pdf,boost converter switching,U,TPS61252DSG,Package_SON:WSON-8-1EP_2x2mm_P0.5mm_EP0.9x1.6mm
TPS62130,"3A Step-Down Converter with DCS-Control, Adjustable Output Voltage, 3-17V Input Voltage, QFN-16",http://www.ti.com/lit/ds/symlink/tps62130.pdf,step-down dcdc,U,TPS62130,Package_DFN_QFN:VQFN-16-1EP_3x3mm_P0.5mm_EP1.68x1.68mm_ThermalVias
TPS62160DGK,"1A Step-Down Converter with DCS-Control, adjustable output, 3-17V input voltage, VSSOP-8",http://www.ti.com/lit/ds/symlink/tps62160.pdf,step-down dc-dc buck regulator,U,TPS62160DGK,Package_SO:MSOP-8_3x3mm_P0.65mm
TPS62170DSG,"500mA Step-Down Converter with DCS-Control, adjustable output, 3-17V input voltage, WSON-8",http://www.ti.com/lit/ds/symlink/tps62170.pdf,step-down dc-dc buck regulator,U,TPS62170DSG,Package_SON:WSON-8-1EP_2x2mm_P0.5mm_EP0.9x1.6mm_ThermalVias
TPS62177DQC,"500mA Step-Down Conveter with Sleep Mode, fixed 3.3V Output Voltage, 4.75-28V input voltage, WSON-10",http://www.ti.com/lit/ds/symlink/tps62177.pdf,step-down dc-dc buck regulator,U,TPS62177DQC,Package_SON:WSON-10-1EP_2x3mm_P0.5mm_EP0.84x2.4mm_ThermalVias
TPS62200DBV,"300mA High-Efficiency Step-Down DC-DC Converter, adjustable output voltage, 2.5-6V input voltage, SOT-23-5",http://www.ti.com/lit/ds/symlink/tps62201.pdf,Step-Down DC-DC Converter,U,TPS62200DBV,Package_TO_SOT_SMD:SOT-23-5
TPS63000,"Buck-Boost Converter, 1.8-5.5V Input Voltage, 1.8A Switch Current, Adjustable 1.2-5.5V Output Voltage, VSON-10",http://www.ti.com/lit/ds/symlink/tps63000.pdf,Buck-Boost adjustable converter,U,TPS63000,Package_SON:Texas_DRC0010J_ThermalVias
TPS63060,"Buck-Boost Converter, 2.5-12V Input Voltage, 2-A Switch Current, Adjustable 2.5-8V Output Voltage, S-PWSON-N10",http://www.ti.com/lit/ds/symlink/tps63060.pdf,Buck-Boost adjustable converter,U,TPS63060,Package_SON:Texas_S-PWSON-N10_ThermalVias
TPS63061,"Buck-Boost Converter, 2.5-12V Input Voltage, 2-A Switch Current, Fixed 5V Output Voltage, S-PWSON-10",http://www.ti.com/lit/ds/symlink/tps63060.pdf,Buck-Boost converter 5V,U,TPS63061,Package_SON:Texas_S-PWSON-N10_ThermalVias
TPS82130,"17V Input 3A Step-Down Converter MicroSiP Module with Integrated Inductor, μSiL-8",http://www.ti.com/lit/ds/symlink/tps82130.pdf,17V 3A Step-down Buck Module,U,TPS82130,Package_LGA:Texas_MicroSiP-8-1EP_2.8x3.0mm_P0.65mm_EP1.1x1.9mm_SMD_ThermalVias
TSR_1-2450,"1A step-down regulator module, fixed 5V output voltage, 5-36V input voltage, -40°C to +85°C temperature range, TO-220 compatible LM78xx replacement",http://www.tracopower.com/products/tsr1.pdf,dc-dc traco buck,U,TSR_1-2450,Converter_DCDC:Converter_DCDC_TRACO_TSR-1_THT
VIPer22ADIP-E,Low power OFF-line SMPS primary switcher,http://www.st.com/web/en/resource/technical/document/datasheet/CD00087939.pdf,SMPS,U,VIPer22ADIP-E,Package_DIP:DIP-8_W7.62mm
VIPer22AS,Low power OFF-line SMPS primary switcher,http://www.st.com/web/en/resource/technical/document/datasheet/CD00087939.pdf,SMPS,U,VIPer22AS,Package_SO:SOIC-8_3.9x4.9mm_P1.27mm
VIPer25LN,"12W SMPS Controller, AC-DC, PDIP-7",http://www.st.com/internet/com/TECHNICAL_RESOURCES/TECHNICAL_LITERATURE/DATASHEET/CD00231127.pdf,SMPS Controller with MOSFET 12W AC-DC,U,VIPer25LN,Package_DIP:PowerIntegrations_PDIP-8B
